{
	"class_name" : "PinholeCameraParameters",
	"extrinsic" : 
	[
		0.91464166490058274,
		0.12827475873245386,
		-0.38337476586236202,
		0.0,
		0.4042542016679056,
		-0.28310890869127853,
		0.8697286279371732,
		0.0,
		0.0030274183282812941,
		-0.95047090018146496,
		-0.3107988137791094,
		0.0,
		-0.72815046453780397,
		1.4199632607098769,
		23.414455723904958,
		1.0
	],
	"intrinsic" : 
	{
		"height" : 1052,
		"intrinsic_matrix" : 
		[
			911.05872478122956,
			0.0,
			0.0,
			0.0,
			911.05872478122956,
			0.0,
			959.5,
			525.5,
			1.0
		],
		"width" : 1920
	},
	"version_major" : 1,
	"version_minor" : 0
}